"adm1_name","year","retail_rice_price_for_1kg"
Rakhine,2008,1279.56
Sagaing,2008,1692.26
Shan (North),2008,1669.54
Shan (South),2008,1084.44
Chin,2008,1512.82
Kachin,2008,1665.17
Magway,2008,2184.54
Market Average,2008,1510.13
Yangon,2008,1509.56
Mon,2008,1417.75
Mandalay,2008,2195.24
Kayah,2008,1175.76
Tanintharyi,2008,1455.40
Kayin,2008,1414.61
Shan (East),2008,1534.45
Sagaing,2009,1170.86
Yangon,2009,1143.47
Tanintharyi,2009,1135.10
Chin,2009,1040.59
Magway,2009,1370.31
Rakhine,2009,857.47
Kachin,2009,1177.71
Mon,2009,1108.39
Mandalay,2009,1453.00
Kayin,2009,1114.99
Shan (South),2009,964.47
Shan (East),2009,1605.23
Market Average,2009,1155.84
Shan (North),2009,1328.73
Kayah,2009,990.92
Mon,2010,1250.88
Kayin,2010,1261.79
Magway,2010,1247.37
Shan (South),2010,1275.12
Sagaing,2010,1216.42
Chin,2010,1272.65
Tanintharyi,2010,1264.40
Kayah,2010,1191.17
Shan (North),2010,1459.48
Market Average,2010,1214.40
Yangon,2010,1199.53
Shan (East),2010,1919.16
Rakhine,2010,784.97
Mandalay,2010,1388.84
Kachin,2010,1211.68
Kayah,2011,1393.81
Mon,2011,1307.51
Magway,2011,1424.96
Kayin,2011,1342.39
Yangon,2011,1302.63
Rakhine,2011,899.28
Market Average,2011,1322.64
Sagaing,2011,1208.64
Kachin,2011,1275.41
Shan (North),2011,1559.93
Tanintharyi,2011,1203.99
Shan (South),2011,1459.84
Chin,2011,1266.75
Mandalay,2011,1611.40
Shan (East),2011,2072.27
Tanintharyi,2012,1246.97
Magway,2012,1292.35
Yangon,2012,1216.17
Chin,2012,1068.55
Rakhine,2012,854.33
Kayah,2012,1184.10
Mon,2012,1222.32
Mandalay,2012,1548.56
Shan (East),2012,2126.03
Kayin,2012,1256.77
Market Average,2012,1234.65
Shan (North),2012,1708.21
Sagaing,2012,1092.17
Kachin,2012,1301.69
Shan (South),2012,1303.17
Magway,2013,1407.72
Shan (South),2013,1197.15
Yangon,2013,1265.97
Mandalay,2013,1599.91
Mon,2013,1247.29
Chin,2013,1216.73
Rakhine,2013,853.23
Kayah,2013,1184.79
Sagaing,2013,1305.70
Tanintharyi,2013,1260.73
Shan (East),2013,2249.12
Kachin,2013,1422.63
Kayin,2013,1262.76
Shan (North),2013,1850.91
Market Average,2013,1277.20
Sagaing,2014,1570.79
Rakhine,2014,949.56
Kayah,2014,1336.08
Yangon,2014,1363.16
Tanintharyi,2014,1349.80
Shan (South),2014,1326.68
Chin,2014,1508.17
Magway,2014,1538.81
Kayin,2014,1356.94
Shan (North),2014,2021.33
Mon,2014,1340.13
Shan (East),2014,2574.27
Mandalay,2014,1654.19
Market Average,2014,1374.27
Kachin,2014,1622.56
Chin,2015,1696.07
Mon,2015,1667.06
Shan (South),2015,1282.80
Kayin,2015,1664.70
Sagaing,2015,1708.38
Mandalay,2015,1856.92
Tanintharyi,2015,1711.95
Yangon,2015,1662.10
Kayah,2015,1454.20
Kachin,2015,1588.71
Shan (East),2015,2415.72
Magway,2015,1858.24
Shan (North),2015,1996.16
Market Average,2015,1659.41
Rakhine,2015,1237.15
Shan (North),2016,2110.03
Magway,2016,2106.24
Yangon,2016,1923.64
Shan (South),2016,1288.24
Rakhine,2016,1400.56
Market Average,2016,1921.28
Kachin,2016,1947.60
Kayin,2016,1827.14
Shan (East),2016,2358.91
Kayah,2016,1529.17
Tanintharyi,2016,1888.29
Chin,2016,1703.56
Mandalay,2016,1999.32
Sagaing,2016,1926.64
Mon,2016,1833.57
Shan (North),2017,2269.29
Magway,2017,2185.71
Rakhine,2017,1372.07
Shan (East),2017,2631.08
Kayah,2017,1465.08
Mandalay,2017,2015.36
Kayin,2017,1743.57
Sagaing,2017,2164.06
Yangon,2017,1725.81
Tanintharyi,2017,1791.47
Kachin,2017,2164.18
Shan (South),2017,1239.14
Mon,2017,1729.15
Chin,2017,2015.60
Market Average,2017,1721.38
Tanintharyi,2018,1910.32
Yangon,2018,1681.48
Shan (North),2018,2415.13
Shan (South),2018,1261.34
Mon,2018,1831.14
Mandalay,2018,1820.20
Kayin,2018,1843.02
Market Average,2018,1671.15
Kachin,2018,2159.51
Rakhine,2018,1459.36
Magway,2018,2042.50
Chin,2018,1873.67
Sagaing,2018,1989.91
Kayah,2018,1497.22
Shan (East),2018,2930.29
Magway,2019,2190.25
Kachin,2019,2138.96
Chin,2019,1857.93
Sagaing,2019,1992.05
Tanintharyi,2019,2041.82
Market Average,2019,1780.19
Rakhine,2019,1603.85
Kayah,2019,1576.12
Shan (North),2019,2535.09
Shan (South),2019,1313.40
Kayin,2019,1968.93
Yangon,2019,1786.57
Mandalay,2019,1952.50
Shan (East),2019,3163.94
Mon,2019,1968.28
Tanintharyi,2020,1994.97
Kayah,2020,1868.23
Magway,2020,2009.34
Kachin,2020,2052.08
Chin,2020,1806.56
Kayin,2020,1852.69
Shan (North),2020,2822.70
Mandalay,2020,1898.56
Sagaing,2020,2112.61
Shan (East),2020,3524.09
Yangon,2020,1756.07
Shan (South),2020,1446.35
Rakhine,2020,1606.58
Market Average,2020,1751.68
Mon,2020,1795.04
Mandalay,2021,2250.70
Tanintharyi,2021,2030.37
Market Average,2021,1911.96
Shan (South),2021,1644.65
Shan (East),2021,4473.95
Shan (North),2021,3361.83
Kachin,2021,2413.69
Rakhine,2021,1787.67
Mon,2021,1889.81
Kayah,2021,2124.78
Chin,2021,1997.01
Magway,2021,2039.63
Yangon,2021,1901.62
Kayin,2021,1845.64
Sagaing,2021,2415.82
Shan (South),2022,2485.34
Kayin,2022,2341.50
Tanintharyi,2022,2316.04
Kayah,2022,2614.47
Kachin,2022,2657.87
Yangon,2022,2685.04
Market Average,2022,2647.66
Chin,2022,2614.74
Sagaing,2022,3153.69
Magway,2022,2741.29
Rakhine,2022,2361.00
Mandalay,2022,3434.14
Mon,2022,2430.58
Shan (East),2022,4693.87
Shan (North),2022,3541.60
Chin,2023,5053.10
Kayin,2023,4704.33
Kachin,2023,5158.00
Rakhine,2023,4269.23
Market Average,2023,4610.97
Kayah,2023,4623.11
Shan (North),2023,5942.86
Shan (East),2023,7598.00
Sagaing,2023,5938.44
Mandalay,2023,5323.91
Magway,2023,5027.89
Tanintharyi,2023,4296.92
Yangon,2023,4560.89
Shan (South),2023,5650.70
Mon,2023,4461.54
Kachin,2024,6966.85
Yangon,2024,6392.82
Mandalay,2024,7656.89
Shan (North),2024,10782.00
Kayah,2024,6578.07
Sagaing,2024,8889.39
Shan (East),2024,12683.05
Magway,2024,7641.19
Rakhine,2024,6621.10
Shan (South),2024,7330.93
Chin,2024,8100.71
Market Average,2024,6478.94
Mon,2024,6705.25
Kayin,2024,7400.76
Tanintharyi,2024,5928.29
Shan (East),2025,14654.73
Chin,2025,9801.75
Mandalay,2025,7577.22
Yangon,2025,6754.91
Tanintharyi,2025,5920.08
Kayah,2025,8497.13
Shan (South),2025,8974.50
Mon,2025,6098.53
Kachin,2025,7224.95
Magway,2025,8398.88
Sagaing,2025,10929.03
Rakhine,2025,5676.98
Market Average,2025,6784.81
Kayin,2025,6394.28
Shan (North),2025,12705.78
